{
    "dataset": {
        "name": "Synapses",
        "label_name": "cell",
        "indices": null
    },
    "individual": {
        "sequence": "[[0, 0, 0, 0, 0], [32, 0, 0, 249, 217], [6, 0, 0, 154, 191], [30, 1, 1, 177, 156], [3, 2, 3, 245, 57], [0, 1, 4, 88, 147], [30, 2, 1, 94, 62], [10, 4, 5, 213, 160], [36, 5, 1, 54, 179], [29, 8, 5, 164, 244], [11, 0, 2, 169, 178], [21, 5, 0, 164, 119], [33, 11, 5, 25, 220], [41, 1, 11, 209, 195], [22, 3, 1, 158, 90], [40, 13, 3, 239, 6], [6, 11, 9, 65, 122], [2, 2, 4, 88, 207], [27, 7, 0, 44, 244], [35, 9, 8, 192, 102], [39, 16, 4, 104, 4], [10, 20, 8, 151, 237], [3, 20, 19, 233, 214], [32, 15, 4, 139, 53], [35, 17, 5, 133, 153], [36, 13, 19, 225, 139], [29, 21, 10, 224, 46], [13, 7, 26, 99, 99], [24, 8, 23, 154, 158], [38, 26, 9, 221, 228], [18, 21, 6, 93, 48], [0, 29, 0, 0, 0]]",
        "fitness": {
            "fitness": 0.5066436550963032,
            "time": 0.0033093690872192383
        }
    },
    "decoding": {
        "metadata": {
            "rows": 1,
            "columns": 30,
            "n_in": 1,
            "n_out": 1,
            "n_para": 2,
            "n_conn": 2
        },
        "functions": [
            "max",
            "min",
            "mean",
            "add",
            "subtract",
            "bitwise_not",
            "bitwise_or",
            "bitwise_and",
            "bitwise_and_mask",
            "bitwise_xor",
            "sqrt",
            "pow2",
            "exp",
            "log",
            "median_blur",
            "gaussian_blur",
            "laplacian",
            "sobel",
            "robert_cross",
            "canny",
            "sharpen",
            "gabor",
            "abs_diff",
            "abs_diff2",
            "fluo_tophat",
            "rel_diff",
            "erode",
            "dilate",
            "open",
            "close",
            "morph_gradient",
            "morph_tophat",
            "morph_blackhat",
            "fill_holes",
            "remove_small_objects",
            "remove_small_holes",
            "threshold",
            "threshold_at_1",
            "distance_transform",
            "distance_transform_and_thresh",
            "inrange_bin",
            "inrange"
        ],
        "endpoint": {
            "name": "Threshold (t=128)",
            "abbv": "TRSH",
            "arity": 1,
            "args": 0,
            "kwargs": {
                "threshold": 128
            }
        },
        "mode": "default"
    }
}