{
    "dataset": {
        "name": "Synapses",
        "label_name": "cell",
        "indices": null
    },
    "individual": {
        "sequence": "[[0, 0, 0, 0, 0], [26, 0, 0, 87, 152], [30, 1, 0, 91, 101], [38, 1, 0, 85, 69], [38, 0, 0, 220, 121], [29, 2, 0, 70, 252], [27, 2, 5, 81, 213], [14, 3, 3, 214, 232], [35, 2, 4, 237, 223], [38, 0, 1, 148, 122], [1, 5, 3, 155, 235], [29, 10, 2, 177, 246], [36, 3, 3, 60, 96], [21, 2, 4, 116, 217], [29, 10, 11, 189, 200], [2, 11, 0, 67, 250], [1, 10, 13, 51, 109], [11, 11, 13, 104, 86], [8, 11, 15, 42, 23], [32, 1, 14, 226, 57], [19, 9, 10, 213, 72], [13, 10, 11, 43, 121], [39, 9, 6, 140, 230], [6, 5, 18, 99, 45], [1, 8, 21, 193, 249], [2, 3, 20, 45, 153], [7, 25, 21, 103, 86], [5, 22, 9, 107, 31], [39, 17, 11, 233, 214], [30, 28, 27, 117, 23], [4, 19, 17, 180, 195], [0, 29, 0, 0, 0]]",
        "fitness": {
            "fitness": 0.5524836273674869,
            "time": 0.0033500989278157554
        }
    },
    "decoding": {
        "metadata": {
            "rows": 1,
            "columns": 30,
            "n_in": 1,
            "n_out": 1,
            "n_para": 2,
            "n_conn": 2
        },
        "functions": [
            "max",
            "min",
            "mean",
            "add",
            "subtract",
            "bitwise_not",
            "bitwise_or",
            "bitwise_and",
            "bitwise_and_mask",
            "bitwise_xor",
            "sqrt",
            "pow2",
            "exp",
            "log",
            "median_blur",
            "gaussian_blur",
            "laplacian",
            "sobel",
            "robert_cross",
            "canny",
            "sharpen",
            "gabor",
            "abs_diff",
            "abs_diff2",
            "fluo_tophat",
            "rel_diff",
            "erode",
            "dilate",
            "open",
            "close",
            "morph_gradient",
            "morph_tophat",
            "morph_blackhat",
            "fill_holes",
            "remove_small_objects",
            "remove_small_holes",
            "threshold",
            "threshold_at_1",
            "distance_transform",
            "distance_transform_and_thresh",
            "inrange_bin",
            "inrange"
        ],
        "endpoint": {
            "name": "Threshold (t=128)",
            "abbv": "TRSH",
            "arity": 1,
            "args": 0,
            "kwargs": {
                "threshold": 128
            }
        },
        "mode": "default"
    }
}