{
    "dataset": {
        "name": "Heart",
        "label_name": "Heart_y",
        "indices": null
    },
    "individual": {
        "sequence": "[[0, 0, 0, 0, 0], [12, 0, 0, 12, 41], [15, 0, 1, 55, 4], [11, 2, 1, 27, 29], [14, 3, 1, 247, 164], [39, 4, 4, 210, 226], [1, 2, 1, 99, 59], [28, 5, 6, 87, 59], [21, 1, 3, 233, 30], [25, 8, 1, 188, 58], [26, 2, 2, 51, 166], [28, 1, 5, 63, 87], [14, 10, 7, 97, 116], [18, 3, 8, 223, 18], [37, 13, 13, 35, 155], [15, 7, 6, 236, 254], [39, 5, 8, 0, 55], [1, 15, 11, 253, 192], [6, 7, 3, 202, 9], [30, 6, 9, 176, 217], [40, 11, 3, 159, 150], [37, 0, 20, 61, 199], [19, 13, 19, 29, 101], [32, 20, 12, 0, 153], [25, 15, 0, 172, 200], [9, 23, 15, 158, 72], [6, 14, 19, 80, 194], [23, 16, 19, 220, 190], [11, 22, 2, 32, 72], [28, 16, 18, 8, 97], [8, 18, 19, 25, 207], [0, 17, 0, 0, 0]]",
        "fitness": {
            "fitness": 0.24858264389462398,
            "time": 0.005524539947509765
        }
    },
    "decoding": {
        "metadata": {
            "rows": 1,
            "columns": 30,
            "n_in": 1,
            "n_out": 1,
            "n_para": 2,
            "n_conn": 2
        },
        "functions": [
            "max",
            "min",
            "mean",
            "add",
            "subtract",
            "bitwise_not",
            "bitwise_or",
            "bitwise_and",
            "bitwise_and_mask",
            "bitwise_xor",
            "sqrt",
            "pow2",
            "exp",
            "log",
            "median_blur",
            "gaussian_blur",
            "laplacian",
            "sobel",
            "robert_cross",
            "canny",
            "sharpen",
            "gabor",
            "abs_diff",
            "abs_diff2",
            "fluo_tophat",
            "rel_diff",
            "erode",
            "dilate",
            "open",
            "close",
            "morph_gradient",
            "morph_tophat",
            "morph_blackhat",
            "fill_holes",
            "remove_small_objects",
            "remove_small_holes",
            "threshold",
            "threshold_at_1",
            "distance_transform",
            "distance_transform_and_thresh",
            "inrange_bin",
            "inrange"
        ],
        "endpoint": {
            "name": "Threshold (t=128)",
            "abbv": "TRSH",
            "arity": 1,
            "args": 0,
            "kwargs": {
                "threshold": 128
            }
        },
        "mode": "default"
    }
}