{
    "dataset": {
        "name": "Heart",
        "label_name": "Heart_y",
        "indices": null
    },
    "individual": {
        "sequence": "[[0, 0, 0, 0, 0], [10, 0, 0, 14, 253], [11, 0, 0, 241, 234], [18, 1, 0, 213, 76], [21, 2, 1, 213, 197], [11, 3, 4, 147, 123], [11, 4, 4, 83, 130], [11, 2, 6, 82, 189], [41, 4, 5, 4, 61], [29, 6, 3, 208, 177], [7, 9, 1, 72, 24], [1, 2, 1, 248, 223], [29, 3, 11, 79, 90], [33, 5, 4, 165, 84], [35, 8, 8, 133, 192], [3, 14, 10, 224, 35], [14, 1, 9, 229, 121], [8, 10, 0, 37, 97], [22, 15, 7, 151, 172], [14, 2, 9, 73, 119], [16, 12, 9, 17, 237], [0, 20, 7, 227, 69], [40, 7, 3, 254, 52], [28, 15, 10, 180, 112], [10, 21, 12, 47, 104], [37, 23, 19, 168, 164], [37, 5, 21, 150, 0], [14, 3, 10, 38, 173], [21, 26, 20, 66, 35], [35, 26, 6, 135, 170], [15, 26, 8, 71, 150], [0, 23, 0, 0, 0]]",
        "fitness": {
            "fitness": 0.4253174117160475,
            "time": 0.004662677976820204
        }
    },
    "decoding": {
        "metadata": {
            "rows": 1,
            "columns": 30,
            "n_in": 1,
            "n_out": 1,
            "n_para": 2,
            "n_conn": 2
        },
        "functions": [
            "max",
            "min",
            "mean",
            "add",
            "subtract",
            "bitwise_not",
            "bitwise_or",
            "bitwise_and",
            "bitwise_and_mask",
            "bitwise_xor",
            "sqrt",
            "pow2",
            "exp",
            "log",
            "median_blur",
            "gaussian_blur",
            "laplacian",
            "sobel",
            "robert_cross",
            "canny",
            "sharpen",
            "gabor",
            "abs_diff",
            "abs_diff2",
            "fluo_tophat",
            "rel_diff",
            "erode",
            "dilate",
            "open",
            "close",
            "morph_gradient",
            "morph_tophat",
            "morph_blackhat",
            "fill_holes",
            "remove_small_objects",
            "remove_small_holes",
            "threshold",
            "threshold_at_1",
            "distance_transform",
            "distance_transform_and_thresh",
            "inrange_bin",
            "inrange"
        ],
        "endpoint": {
            "name": "Threshold (t=128)",
            "abbv": "TRSH",
            "arity": 1,
            "args": 0,
            "kwargs": {
                "threshold": 128
            }
        },
        "mode": "default"
    }
}