{
    "dataset": {
        "name": "Synapses",
        "label_name": "cell",
        "indices": null
    },
    "individual": {
        "sequence": "[[0, 0, 0, 0, 0], [28, 0, 0, 241, 109], [39, 1, 0, 87, 255], [19, 0, 0, 61, 71], [15, 3, 1, 97, 191], [33, 0, 0, 11, 251], [39, 4, 2, 227, 235], [15, 1, 1, 119, 178], [8, 0, 4, 238, 135], [5, 1, 2, 21, 159], [33, 7, 7, 62, 125], [24, 8, 0, 73, 126], [34, 4, 1, 4, 10], [1, 9, 7, 152, 60], [39, 3, 6, 218, 114], [10, 9, 6, 169, 83], [2, 15, 12, 108, 50], [11, 6, 5, 202, 110], [28, 11, 13, 130, 195], [36, 15, 1, 113, 144], [39, 10, 13, 231, 56], [1, 8, 20, 14, 222], [30, 21, 8, 240, 107], [21, 0, 20, 250, 222], [13, 7, 14, 238, 146], [20, 3, 13, 35, 94], [26, 24, 1, 34, 111], [1, 22, 18, 225, 242], [30, 5, 24, 57, 212], [13, 26, 26, 129, 139], [39, 14, 1, 51, 181], [0, 27, 0, 0, 0]]",
        "fitness": {
            "fitness": 0.3926835050319045,
            "time": 0.008479225635528564
        }
    },
    "decoding": {
        "metadata": {
            "rows": 1,
            "columns": 30,
            "n_in": 1,
            "n_out": 1,
            "n_para": 2,
            "n_conn": 2
        },
        "functions": [
            "max",
            "min",
            "mean",
            "add",
            "subtract",
            "bitwise_not",
            "bitwise_or",
            "bitwise_and",
            "bitwise_and_mask",
            "bitwise_xor",
            "sqrt",
            "pow2",
            "exp",
            "log",
            "median_blur",
            "gaussian_blur",
            "laplacian",
            "sobel",
            "robert_cross",
            "canny",
            "sharpen",
            "gabor",
            "abs_diff",
            "abs_diff2",
            "fluo_tophat",
            "rel_diff",
            "erode",
            "dilate",
            "open",
            "close",
            "morph_gradient",
            "morph_tophat",
            "morph_blackhat",
            "fill_holes",
            "remove_small_objects",
            "remove_small_holes",
            "threshold",
            "threshold_at_1",
            "distance_transform",
            "distance_transform_and_thresh",
            "inrange_bin",
            "inrange"
        ],
        "endpoint": {
            "name": "Threshold (t=128)",
            "abbv": "TRSH",
            "arity": 1,
            "args": 0,
            "kwargs": {
                "threshold": 128
            }
        },
        "mode": "default"
    }
}