{
    "dataset": {
        "name": "Synapses",
        "label_name": "cell",
        "indices": null
    },
    "individual": {
        "sequence": "[[0, 0, 0, 0, 0], [0, 0, 0, 43, 49], [12, 1, 1, 206, 237], [1, 2, 0, 159, 166], [26, 0, 0, 167, 65], [7, 0, 4, 78, 237], [34, 2, 1, 78, 103], [15, 5, 6, 215, 153], [15, 7, 2, 217, 233], [38, 5, 0, 154, 220], [27, 8, 6, 228, 255], [39, 10, 5, 217, 214], [8, 11, 3, 145, 51], [7, 2, 12, 164, 208], [14, 4, 13, 149, 68], [6, 6, 9, 204, 118], [3, 11, 0, 118, 116], [18, 4, 1, 129, 197], [37, 0, 8, 110, 24], [8, 8, 2, 174, 151], [1, 12, 13, 204, 39], [28, 7, 6, 39, 146], [3, 19, 20, 99, 153], [14, 22, 2, 98, 104], [24, 7, 0, 191, 31], [23, 9, 12, 37, 185], [5, 8, 15, 0, 175], [19, 26, 22, 122, 12], [1, 17, 25, 252, 137], [37, 2, 19, 164, 240], [9, 27, 24, 57, 112], [0, 23, 0, 0, 0]]",
        "fitness": {
            "fitness": 0.4031884426894174,
            "time": 0.006780061721801758
        }
    },
    "decoding": {
        "metadata": {
            "rows": 1,
            "columns": 30,
            "n_in": 1,
            "n_out": 1,
            "n_para": 2,
            "n_conn": 2
        },
        "functions": [
            "max",
            "min",
            "mean",
            "add",
            "subtract",
            "bitwise_not",
            "bitwise_or",
            "bitwise_and",
            "bitwise_and_mask",
            "bitwise_xor",
            "sqrt",
            "pow2",
            "exp",
            "log",
            "median_blur",
            "gaussian_blur",
            "laplacian",
            "sobel",
            "robert_cross",
            "canny",
            "sharpen",
            "gabor",
            "abs_diff",
            "abs_diff2",
            "fluo_tophat",
            "rel_diff",
            "erode",
            "dilate",
            "open",
            "close",
            "morph_gradient",
            "morph_tophat",
            "morph_blackhat",
            "fill_holes",
            "remove_small_objects",
            "remove_small_holes",
            "threshold",
            "threshold_at_1",
            "distance_transform",
            "distance_transform_and_thresh",
            "inrange_bin",
            "inrange"
        ],
        "endpoint": {
            "name": "Threshold (t=128)",
            "abbv": "TRSH",
            "arity": 1,
            "args": 0,
            "kwargs": {
                "threshold": 128
            }
        },
        "mode": "default"
    }
}