{
    "dataset": {
        "name": "Synapses",
        "label_name": "cell",
        "indices": null
    },
    "individual": {
        "sequence": "[[0, 0, 0, 0, 0], [15, 0, 0, 54, 151], [28, 0, 0, 207, 80], [15, 2, 2, 117, 103], [21, 3, 3, 139, 206], [29, 2, 1, 91, 190], [39, 3, 5, 189, 145], [26, 6, 1, 121, 189], [6, 6, 7, 22, 52], [8, 1, 7, 64, 152], [1, 9, 7, 205, 144], [26, 0, 6, 243, 108], [36, 11, 3, 30, 132], [17, 1, 7, 211, 82], [40, 9, 8, 106, 237], [41, 7, 2, 189, 170], [34, 4, 7, 55, 228], [21, 2, 6, 196, 13], [24, 1, 14, 38, 144], [14, 11, 0, 152, 77], [40, 0, 16, 251, 31], [35, 10, 6, 1, 123], [2, 11, 10, 5, 114], [16, 3, 22, 118, 58], [3, 15, 17, 192, 212], [0, 19, 21, 65, 33], [30, 14, 19, 48, 254], [17, 15, 22, 204, 154], [28, 1, 3, 152, 49], [26, 21, 5, 74, 246], [6, 17, 4, 218, 188], [0, 14, 0, 0, 0]]",
        "fitness": {
            "fitness": 0.45632581249431176,
            "time": 0.0025481414794921876
        }
    },
    "decoding": {
        "metadata": {
            "rows": 1,
            "columns": 30,
            "n_in": 1,
            "n_out": 1,
            "n_para": 2,
            "n_conn": 2
        },
        "functions": [
            "max",
            "min",
            "mean",
            "add",
            "subtract",
            "bitwise_not",
            "bitwise_or",
            "bitwise_and",
            "bitwise_and_mask",
            "bitwise_xor",
            "sqrt",
            "pow2",
            "exp",
            "log",
            "median_blur",
            "gaussian_blur",
            "laplacian",
            "sobel",
            "robert_cross",
            "canny",
            "sharpen",
            "gabor",
            "abs_diff",
            "abs_diff2",
            "fluo_tophat",
            "rel_diff",
            "erode",
            "dilate",
            "open",
            "close",
            "morph_gradient",
            "morph_tophat",
            "morph_blackhat",
            "fill_holes",
            "remove_small_objects",
            "remove_small_holes",
            "threshold",
            "threshold_at_1",
            "distance_transform",
            "distance_transform_and_thresh",
            "inrange_bin",
            "inrange"
        ],
        "endpoint": {
            "name": "Threshold (t=128)",
            "abbv": "TRSH",
            "arity": 1,
            "args": 0,
            "kwargs": {
                "threshold": 128
            }
        },
        "mode": "default"
    }
}