{
    "dataset": {
        "name": "Heart",
        "label_name": "Heart_y",
        "indices": null
    },
    "individual": {
        "sequence": "[[0, 0, 0, 0, 0], [11, 0, 0, 234, 17], [32, 0, 0, 153, 230], [1, 2, 2, 126, 76], [20, 3, 1, 68, 9], [8, 3, 1, 98, 233], [24, 5, 1, 93, 124], [26, 3, 6, 113, 11], [3, 5, 7, 144, 51], [37, 6, 1, 183, 187], [40, 5, 9, 249, 196], [30, 8, 7, 137, 250], [33, 8, 6, 227, 247], [4, 8, 1, 245, 117], [40, 0, 3, 97, 4], [17, 12, 3, 218, 109], [6, 10, 6, 162, 180], [36, 9, 2, 254, 192], [29, 12, 15, 14, 172], [41, 14, 2, 191, 245], [21, 6, 7, 60, 70], [12, 6, 7, 35, 2], [34, 19, 10, 84, 124], [33, 8, 6, 57, 212], [39, 18, 20, 214, 194], [34, 2, 2, 1, 87], [38, 7, 15, 165, 241], [14, 24, 22, 207, 41], [23, 3, 18, 118, 213], [17, 22, 25, 171, 247], [37, 11, 21, 247, 252], [0, 27, 0, 0, 0]]",
        "fitness": {
            "fitness": 0.605758091975512,
            "time": 0.003224553002251519
        }
    },
    "decoding": {
        "metadata": {
            "rows": 1,
            "columns": 30,
            "n_in": 1,
            "n_out": 1,
            "n_para": 2,
            "n_conn": 2
        },
        "functions": [
            "max",
            "min",
            "mean",
            "add",
            "subtract",
            "bitwise_not",
            "bitwise_or",
            "bitwise_and",
            "bitwise_and_mask",
            "bitwise_xor",
            "sqrt",
            "pow2",
            "exp",
            "log",
            "median_blur",
            "gaussian_blur",
            "laplacian",
            "sobel",
            "robert_cross",
            "canny",
            "sharpen",
            "gabor",
            "abs_diff",
            "abs_diff2",
            "fluo_tophat",
            "rel_diff",
            "erode",
            "dilate",
            "open",
            "close",
            "morph_gradient",
            "morph_tophat",
            "morph_blackhat",
            "fill_holes",
            "remove_small_objects",
            "remove_small_holes",
            "threshold",
            "threshold_at_1",
            "distance_transform",
            "distance_transform_and_thresh",
            "inrange_bin",
            "inrange"
        ],
        "endpoint": {
            "name": "Threshold (t=128)",
            "abbv": "TRSH",
            "arity": 1,
            "args": 0,
            "kwargs": {
                "threshold": 128
            }
        },
        "mode": "default"
    }
}