{
    "dataset": {
        "name": "Synapses",
        "label_name": "cell",
        "indices": null
    },
    "individual": {
        "sequence": "[[0, 0, 0, 0, 0], [38, 0, 0, 44, 189], [15, 0, 0, 147, 113], [40, 1, 1, 200, 23], [40, 0, 1, 92, 183], [41, 0, 1, 72, 53], [16, 2, 3, 233, 128], [20, 2, 5, 178, 234], [39, 7, 1, 177, 77], [29, 4, 3, 226, 197], [12, 6, 3, 123, 224], [8, 2, 6, 120, 129], [36, 3, 0, 100, 251], [11, 6, 9, 158, 207], [18, 6, 0, 224, 181], [1, 8, 4, 222, 243], [0, 3, 9, 25, 17], [26, 11, 1, 233, 182], [6, 2, 13, 3, 235], [28, 15, 3, 153, 23], [40, 2, 2, 98, 238], [5, 19, 8, 108, 60], [9, 7, 11, 26, 12], [3, 14, 2, 180, 131], [11, 11, 2, 246, 110], [1, 11, 2, 84, 205], [23, 14, 19, 62, 226], [15, 14, 18, 25, 171], [5, 27, 0, 198, 60], [4, 8, 0, 114, 113], [19, 29, 4, 181, 230], [0, 19, 0, 0, 0]]",
        "fitness": {
            "fitness": 0.3667920283452679,
            "time": 0.0015196609497070313
        }
    },
    "decoding": {
        "metadata": {
            "rows": 1,
            "columns": 30,
            "n_in": 1,
            "n_out": 1,
            "n_para": 2,
            "n_conn": 2
        },
        "functions": [
            "max",
            "min",
            "mean",
            "add",
            "subtract",
            "bitwise_not",
            "bitwise_or",
            "bitwise_and",
            "bitwise_and_mask",
            "bitwise_xor",
            "sqrt",
            "pow2",
            "exp",
            "log",
            "median_blur",
            "gaussian_blur",
            "laplacian",
            "sobel",
            "robert_cross",
            "canny",
            "sharpen",
            "gabor",
            "abs_diff",
            "abs_diff2",
            "fluo_tophat",
            "rel_diff",
            "erode",
            "dilate",
            "open",
            "close",
            "morph_gradient",
            "morph_tophat",
            "morph_blackhat",
            "fill_holes",
            "remove_small_objects",
            "remove_small_holes",
            "threshold",
            "threshold_at_1",
            "distance_transform",
            "distance_transform_and_thresh",
            "inrange_bin",
            "inrange"
        ],
        "endpoint": {
            "name": "Threshold (t=128)",
            "abbv": "TRSH",
            "arity": 1,
            "args": 0,
            "kwargs": {
                "threshold": 128
            }
        },
        "mode": "default"
    }
}