{
    "dataset": {
        "name": "Synapses",
        "label_name": "cell",
        "indices": null
    },
    "individual": {
        "sequence": "[[0, 0, 0, 0, 0], [15, 0, 0, 20, 204], [20, 1, 0, 154, 241], [0, 2, 0, 33, 212], [6, 2, 0, 93, 217], [26, 1, 3, 65, 213], [9, 4, 1, 207, 180], [15, 4, 6, 210, 118], [2, 4, 5, 150, 252], [0, 2, 3, 45, 38], [38, 3, 4, 76, 61], [39, 8, 2, 191, 146], [19, 5, 4, 146, 72], [30, 1, 0, 53, 91], [24, 9, 4, 70, 150], [16, 8, 10, 179, 59], [28, 3, 4, 196, 95], [33, 1, 7, 104, 19], [41, 8, 7, 250, 62], [2, 5, 3, 39, 12], [7, 11, 14, 56, 215], [17, 13, 1, 194, 229], [28, 20, 12, 149, 121], [28, 14, 22, 42, 51], [40, 4, 19, 128, 57], [39, 13, 18, 172, 157], [11, 15, 3, 142, 197], [12, 17, 20, 77, 182], [20, 23, 18, 34, 28], [2, 9, 23, 254, 80], [19, 14, 27, 107, 143], [0, 22, 0, 0, 0]]",
        "fitness": {
            "fitness": 0.2706696289462183,
            "time": 0.00559995174407959
        }
    },
    "decoding": {
        "metadata": {
            "rows": 1,
            "columns": 30,
            "n_in": 1,
            "n_out": 1,
            "n_para": 2,
            "n_conn": 2
        },
        "functions": [
            "max",
            "min",
            "mean",
            "add",
            "subtract",
            "bitwise_not",
            "bitwise_or",
            "bitwise_and",
            "bitwise_and_mask",
            "bitwise_xor",
            "sqrt",
            "pow2",
            "exp",
            "log",
            "median_blur",
            "gaussian_blur",
            "laplacian",
            "sobel",
            "robert_cross",
            "canny",
            "sharpen",
            "gabor",
            "abs_diff",
            "abs_diff2",
            "fluo_tophat",
            "rel_diff",
            "erode",
            "dilate",
            "open",
            "close",
            "morph_gradient",
            "morph_tophat",
            "morph_blackhat",
            "fill_holes",
            "remove_small_objects",
            "remove_small_holes",
            "threshold",
            "threshold_at_1",
            "distance_transform",
            "distance_transform_and_thresh",
            "inrange_bin",
            "inrange"
        ],
        "endpoint": {
            "name": "Threshold (t=128)",
            "abbv": "TRSH",
            "arity": 1,
            "args": 0,
            "kwargs": {
                "threshold": 128
            }
        },
        "mode": "default"
    }
}