{
    "dataset": {
        "name": "Synapses",
        "label_name": "cell",
        "indices": null
    },
    "individual": {
        "sequence": "[[0, 0, 0, 0, 0], [11, 0, 0, 89, 140], [18, 0, 0, 22, 17], [33, 1, 1, 128, 96], [24, 1, 3, 255, 223], [31, 0, 3, 211, 243], [24, 1, 2, 2, 221], [6, 5, 4, 113, 21], [15, 3, 0, 78, 20], [39, 8, 3, 211, 195], [18, 0, 8, 69, 162], [41, 3, 7, 86, 142], [33, 5, 11, 39, 35], [8, 5, 6, 201, 167], [1, 9, 7, 2, 222], [24, 3, 14, 190, 253], [18, 11, 4, 111, 157], [35, 7, 15, 207, 155], [18, 7, 11, 142, 1], [0, 14, 18, 4, 254], [28, 18, 17, 180, 85], [2, 19, 5, 209, 136], [11, 21, 13, 130, 38], [14, 19, 16, 177, 34], [9, 16, 17, 109, 20], [16, 8, 20, 226, 179], [7, 14, 2, 152, 116], [38, 12, 25, 238, 151], [19, 16, 6, 181, 242], [6, 18, 10, 214, 253], [5, 16, 10, 42, 248], [0, 23, 0, 0, 0]]",
        "fitness": {
            "fitness": 0.3738659455069094,
            "time": 0.011250996589660644
        }
    },
    "decoding": {
        "metadata": {
            "rows": 1,
            "columns": 30,
            "n_in": 1,
            "n_out": 1,
            "n_para": 2,
            "n_conn": 2
        },
        "functions": [
            "max",
            "min",
            "mean",
            "add",
            "subtract",
            "bitwise_not",
            "bitwise_or",
            "bitwise_and",
            "bitwise_and_mask",
            "bitwise_xor",
            "sqrt",
            "pow2",
            "exp",
            "log",
            "median_blur",
            "gaussian_blur",
            "laplacian",
            "sobel",
            "robert_cross",
            "canny",
            "sharpen",
            "gabor",
            "abs_diff",
            "abs_diff2",
            "fluo_tophat",
            "rel_diff",
            "erode",
            "dilate",
            "open",
            "close",
            "morph_gradient",
            "morph_tophat",
            "morph_blackhat",
            "fill_holes",
            "remove_small_objects",
            "remove_small_holes",
            "threshold",
            "threshold_at_1",
            "distance_transform",
            "distance_transform_and_thresh",
            "inrange_bin",
            "inrange"
        ],
        "endpoint": {
            "name": "Threshold (t=128)",
            "abbv": "TRSH",
            "arity": 1,
            "args": 0,
            "kwargs": {
                "threshold": 128
            }
        },
        "mode": "default"
    }
}